file,avg,50th,90th,99th
soren-dump-23-04-13-1681384632.txt,355.7214285714286,285,340,5094
soren-dump-23.04.30-13:43.txt,352.68461538461537,290,435,3896
