file	avg	reqs	1th	50th	90th	95th	99th
soren-dump.txt	45680.55	14128180	4.366	18.907	34.241	40.603	1427.381
soren-st-pl32-k16-23.07.03-16:49.txt	48060.65	14128180	5.199	19.63	34.593	40.902	1480.192
soren-st-pl64-k16-23.07.03-16:56.txt	45776.71	11671104	5.111	17.72	31.578	37.045	1478.573
soren-st-pl128-k16-23.07.03-17:03.txt	46267.38	8659208	4.819	15.904	31.003	36.807	1468.501
soren-st-pl50-k16-23.07.03-17:10.txt	45283.23	12632256	5.034	18.343	32.522	38.24	1443.681
soren-st-pl256-k16-23.07.03-17:16.txt	43054.85	5711392	5.203	12.046	25.268	30.869	1445.967
soren-st-pl512-k16-23.07.03-17:23.txt	41047.46	3397916	4.755	9.674	18.656	23.080000000000002	1419.2640000000001
