file	avg	reqs	1th	50th	90th	95th	99th
soren-dump-c112.txt	19546.15	400422	4.964	6.787	9.758000000000001	11.217	22.726
soren-dump-c14.txt	21404.18	399165	5.143	7.977	10.873000000000001	12.731	24.240000000000002
soren-dump-c28.txt	22814.62	400094	5.771	8.13	10.83	12.438	24.386
soren-dump-c42.txt	23264.75	400376	5.737	9.081	13.905000000000001	15.82	27.183
soren-dump-c56.txt	22219.02	400073	5.1000000000000005	7.995	12.847	14.649000000000001	25.402
soren-dump-c70.txt	21502.09	399341	5.359	8.022	12.684000000000001	14.598	25.7
soren-dump-c84.txt	19616.4	399476	4.953	6.791	9.763	11.409	23.221
soren-dump-c98.txt	20836.2	400069	5.054	8.246	13.593	16.133	27.898
