file	avg	reqs	1th	50th	90th	95th	99th
soren-st-pl32-k16-23.05.15-21:54.txt	13226.7	14128181	4.807	8.925	14.477	16.94	25.901
soren-st-pl64-k16-23.05.15-22:01.txt	11178.4	11671106	4.134	6.4350000000000005	10.417	12.058	18.651
soren-st-pl128-k16-23.05.15-22:11.txt	13088.28	8659208	4.839	7.49	11.138	12.871	20.021
soren-st-pl256-k16-23.05.15-22:18.txt	13160.86	5711392	5.033	7.871	11.677	13.394	19.846
soren-st-pl512-k16-23.05.15-22:24.txt	13265.57	3397917	4.937	7.682	10.744	11.912	16.455000000000002
