file	avg	reqs	1th	50th	90th	95th	99th
soren-st-pl32-k16-23.05.12-03:19.txt	15465.68	14128181	6.551	12.794	13.38	13.628	21.982
soren-st-pl64-k16-23.05.12-03:29.txt	15869.77	11671106	5.335	10.132	10.822000000000001	11.799	17.55
soren-st-pl128-k16-23.05.12-03:38.txt	15112.16	8659208	5.908	8.398	10.301	11.815	19.519000000000002
soren-st-pl256-k16-23.05.12-03:47.txt	14378.92	5711392	6.155	7.8100000000000005	10.298	11.722	15.176
soren-st-pl512-k16-23.05.12-03:56.txt	14889.58	3397917	6.658	7.748	10.194	11.649000000000001	15.512
