file	avg	reqs	1th	50th	90th	95th	99th
soren-st-pl32-k16-23.05.22-20:17.txt	15001.77	14128181	4.9430000000000005	9.229000000000001	13.11	14.734	21.139
